{"cameraMode":{"drawMode":0,"name":"Shaded","section":"Shading Mode"},"sceneLighting":false,"audioPlay":false,"sceneViewState":{"showFog":false,"showMaterialUpdate":false,"showSkybox":false,"showFlares":false,"showImageEffects":false,"showParticleSystems":false},"in2DMode":false,"pivot":{"x":-1.0609326362609864,"y":-0.8402587175369263,"z":-0.42636632919311526},"rotation":{"x":0.15456673502922059,"y":-0.7579168677330017,"z":0.19418193399906159,"w":0.6032945513725281},"size":2.7247447967529299,"orthographic":false}